<metadata xml:lang="en"><dataIdInfo><idCitation><resTitle>MonitoringLocation</resTitle><presForm><PresFormCd value="005" Sync="TRUE"/></presForm></idCitation><searchKeys><keyword>features</keyword><keyword>MonitoringLocation</keyword><keyword>awqms</keyword></searchKeys><idPurp>Monitoring Location</idPurp><idAbs>A Monitoring Location from the AWQMS application. This is simply a Point location.</idAbs><envirDesc Sync="TRUE">Microsoft Windows 10 Version 10.0 (Build 19045) ; Esri ArcGIS 13.3.0.52636</envirDesc><dataLang><languageCode value="eng" Sync="TRUE"/><countryCode value="USA" Sync="TRUE"/></dataLang><spatRpType><SpatRepTypCd value="001" Sync="TRUE"/></spatRpType></dataIdInfo><mdLang><languageCode value="eng" Sync="TRUE"/><countryCode value="USA" Sync="TRUE"/></mdLang><Esri><DataProperties><itemProps><itemName Sync="TRUE">stations</itemName><imsContentType Sync="TRUE">002</imsContentType><itemLocation><linkage Sync="TRUE">file://\\L532LU8197\C$\Users\kevin.turnbow\GIS\stations.shp</linkage><protocol Sync="TRUE">Local Area Network</protocol></itemLocation><itemSize Sync="TRUE">0.000</itemSize></itemProps><coordRef><type Sync="TRUE">Geographic</type><geogcsn Sync="TRUE">GCS_WGS_1984</geogcsn><csUnits Sync="TRUE">Angular Unit: Degree (0.017453)</csUnits><peXml Sync="TRUE">&lt;GeographicCoordinateSystem xsi:type='typens:GeographicCoordinateSystem' xmlns:xsi='http://www.w3.org/2001/XMLSchema-instance' xmlns:xs='http://www.w3.org/2001/XMLSchema' xmlns:typens='http://www.esri.com/schemas/ArcGIS/3.3.0'&gt;&lt;WKT&gt;GEOGCS[&amp;quot;GCS_WGS_1984&amp;quot;,DATUM[&amp;quot;D_WGS_1984&amp;quot;,SPHEROID[&amp;quot;WGS_1984&amp;quot;,6378137.0,298.257223563]],PRIMEM[&amp;quot;Greenwich&amp;quot;,0.0],UNIT[&amp;quot;Degree&amp;quot;,0.0174532925199433],AUTHORITY[&amp;quot;EPSG&amp;quot;,4326]]&lt;/WKT&gt;&lt;XOrigin&gt;-400&lt;/XOrigin&gt;&lt;YOrigin&gt;-400&lt;/YOrigin&gt;&lt;XYScale&gt;11258999068426.238&lt;/XYScale&gt;&lt;ZOrigin&gt;-100000&lt;/ZOrigin&gt;&lt;ZScale&gt;10000&lt;/ZScale&gt;&lt;MOrigin&gt;-100000&lt;/MOrigin&gt;&lt;MScale&gt;10000&lt;/MScale&gt;&lt;XYTolerance&gt;8.983152841195215e-09&lt;/XYTolerance&gt;&lt;ZTolerance&gt;0.001&lt;/ZTolerance&gt;&lt;MTolerance&gt;0.001&lt;/MTolerance&gt;&lt;HighPrecision&gt;true&lt;/HighPrecision&gt;&lt;LeftLongitude&gt;-180&lt;/LeftLongitude&gt;&lt;WKID&gt;4326&lt;/WKID&gt;&lt;LatestWKID&gt;4326&lt;/LatestWKID&gt;&lt;/GeographicCoordinateSystem&gt;</peXml></coordRef><lineage><Process ToolSource="c:\users\joe.konczyk\appdata\local\programs\arcgis\pro\Resources\ArcToolbox\toolboxes\Conversion Tools.tbx\ExportFeatures" Date="20220729" Time="122836">ExportFeatures "Monitoring Location" N:\AgencyShared\GIS\BOW\Hillary\Hillary.gdb\Awqmstations "StateCode = 'IL'" NOT_USE_ALIAS "GmlID "GmlID" true true false -1 Text 0 0,First,#,Monitoring Location,GmlID,0,-1;CountyName "CountyName" true true false 255 Text 0 0,First,#,Monitoring Location,CountyName,0,255;Huc8 "Huc8" true true false 255 Text 0 0,First,#,Monitoring Location,Huc8,0,255;Huc12 "Huc12" true true false 255 Text 0 0,First,#,Monitoring Location,Huc12,0,255;MonitoringLocationId "MonitoringLocationId" true true false 255 Text 0 0,First,#,Monitoring Location,MonitoringLocationId,0,255;MonitoringLocationName "MonitoringLocationName" true true false 255 Text 0 0,First,#,Monitoring Location,MonitoringLocationName,0,255;OrganizationIdentifier "OrganizationIdentifier" true true false 255 Text 0 0,First,#,Monitoring Location,OrganizationIdentifier,0,255;ResultsUrl "ResultsUrl" true true false 255 Text 0 0,First,#,Monitoring Location,ResultsUrl,0,255;MetricsUrl "MetricsUrl" true true false 255 Text 0 0,First,#,Monitoring Location,MetricsUrl,0,255;IndexesUrl "IndexesUrl" true true false 255 Text 0 0,First,#,Monitoring Location,IndexesUrl,0,255;ContinuousResultsUrl "ContinuousResultsUrl" true true false 255 Text 0 0,First,#,Monitoring Location,ContinuousResultsUrl,0,255;StateCode "StateCode" true true false 255 Text 0 0,First,#,Monitoring Location,StateCode,0,255;MonitoringLocationType "MonitoringLocationType" true true false 255 Text 0 0,First,#,Monitoring Location,MonitoringLocationType,0,255;WaterbodyName "WaterbodyName" true true false 255 Text 0 0,First,#,Monitoring Location,WaterbodyName,0,255;WatershedManagementUnit "WatershedManagementUnit" true true false 255 Text 0 0,First,#,Monitoring Location,WatershedManagementUnit,0,255" #</Process><Process ToolSource="c:\users\joe.konczyk\appdata\local\programs\arcgis\pro\Resources\ArcToolbox\toolboxes\Data Management Tools.tbx\CopyFeatures" Date="20220729" Time="123410">CopyFeatures Awqmstations N:\AgencyShared\GIS\BOW\Hillary\AwqmsUpdate\IL084GISSQLC2.illinois.gov.sde\EPA_GISVECTOR.EPA_GIS.Awqmstations # # # #</Process><Process ToolSource="c:\users\joe.konczyk\appdata\local\programs\arcgis\pro\Resources\ArcToolbox\toolboxes\Data Management Tools.tbx\Rename" Date="20220729" Time="123517">Rename N:\AgencyShared\GIS\BOW\Hillary\AwqmsUpdate\IL084GISSQLC2.illinois.gov.sde\EPA_GISVECTOR.EPA_GIS.Awqmstations N:\AgencyShared\GIS\BOW\Hillary\AwqmsUpdate\IL084GISSQLC2.illinois.gov.sde\EPA_GISVECTOR.EPA_GIS.bowAwqmStations FeatureClass</Process><Process ToolSource="c:\users\joe.konczyk\appdata\local\programs\arcgis\pro\Resources\ArcToolbox\toolboxes\Data Management Tools.tbx\UpdateSchema" Date="20220729" Time="124052">UpdateSchema "CIMDATA=&lt;CIMStandardDataConnection xsi:type='typens:CIMStandardDataConnection' xmlns:xsi='http://www.w3.org/2001/XMLSchema-instance' xmlns:xs='http://www.w3.org/2001/XMLSchema' xmlns:typens='http://www.esri.com/schemas/ArcGIS/3.0.0'&gt;&lt;WorkspaceConnectionString&gt;ENCRYPTED_PASSWORD_UTF8=00022e68747670514c32557776756571655957774a49455a69354c634943484e53355046386f5a544139755550636f3d2a00;ENCRYPTED_PASSWORD=00022e686c2b7859695072746965502b4d317a784d3044496c4d484343616d7a793674527a52753179344830422f413d2a00;SERVER=IL084GISSQLC2.illinois.gov;INSTANCE=sde:sqlserver:IL084GISSQLC2.illinois.gov;DBCLIENT=sqlserver;DB_CONNECTION_PROPERTIES=IL084GISSQLC2.illinois.gov;DATABASE=EPA_GISVECTOR;USER=epa_gis;VERSION=dbo.DEFAULT;AUTHENTICATION_MODE=DBMS&lt;/WorkspaceConnectionString&gt;&lt;WorkspaceFactory&gt;SDE&lt;/WorkspaceFactory&gt;&lt;Dataset&gt;EPA_GISVECTOR.EPA_GIS.bowAwqmStations&lt;/Dataset&gt;&lt;DatasetType&gt;esriDTFeatureClass&lt;/DatasetType&gt;&lt;/CIMStandardDataConnection&gt;" &lt;operationSequence&gt;&lt;workflow&gt;&lt;RegisterAsVersioned&gt;&lt;edit_to_base&gt;FALSE&lt;/edit_to_base&gt;&lt;/RegisterAsVersioned&gt;&lt;/workflow&gt;&lt;/operationSequence&gt;</Process><Process ToolSource="c:\program files\arcgis\pro\Resources\ArcToolbox\toolboxes\Data Management Tools.tbx\DefineProjection" Date="20240405" Time="151711">DefineProjection SdeBowAwqmStations GEOGCS["GCS_WGS_1984",DATUM["D_WGS_1984",SPHEROID["WGS_1984",6378137.0,298.257223563]],PRIMEM["Greenwich",0.0],UNIT["Degree",0.0174532925199433]]</Process><Process ToolSource="c:\program files\arcgis\pro\Resources\ArcToolbox\toolboxes\Conversion Tools.tbx\ExportFeatures" Date="20250307" Time="081150">ExportFeatures "Stations\AWQMS Stations" C:\Users\kevin.turnbow\GIS\stations.shp # NOT_USE_ALIAS "GmlID "GmlID" true true false 255 Text 0 0,First,#,Stations\AWQMS Stations,GmlID,0,254;CountyName "CountyName" true true false 255 Text 0 0,First,#,Stations\AWQMS Stations,CountyName,0,254;Huc8 "Huc8" true true false 255 Text 0 0,First,#,Stations\AWQMS Stations,Huc8,0,254;Huc12 "Huc12" true true false 255 Text 0 0,First,#,Stations\AWQMS Stations,Huc12,0,254;MonitoringLocationId "MonitoringLocationId" true true false 255 Text 0 0,First,#,Stations\AWQMS Stations,MonitoringLocationId,0,254;MonitoringLocationName "MonitoringLocationName" true true false 255 Text 0 0,First,#,Stations\AWQMS Stations,MonitoringLocationName,0,254;OrganizationIdentifier "OrganizationIdentifier" true true false 255 Text 0 0,First,#,Stations\AWQMS Stations,OrganizationIdentifier,0,254;ResultsUrl "ResultsUrl" true true false 255 Text 0 0,First,#,Stations\AWQMS Stations,ResultsUrl,0,254;MetricsUrl "MetricsUrl" true true false 255 Text 0 0,First,#,Stations\AWQMS Stations,MetricsUrl,0,254;IndexesUrl "IndexesUrl" true true false 255 Text 0 0,First,#,Stations\AWQMS Stations,IndexesUrl,0,254;ContinuousResultsUrl "ContinuousResultsUrl" true true false 255 Text 0 0,First,#,Stations\AWQMS Stations,ContinuousResultsUrl,0,254;StateCode "StateCode" true true false 255 Text 0 0,First,#,Stations\AWQMS Stations,StateCode,0,254;MonitoringLocationType "MonitoringLocationType" true true false 255 Text 0 0,First,#,Stations\AWQMS Stations,MonitoringLocationType,0,254;WaterbodyName "WaterbodyName" true true false 255 Text 0 0,First,#,Stations\AWQMS Stations,WaterbodyName,0,254;WatershedManagementUnit "WatershedManagementUnit" true true false 255 Text 0 0,First,#,Stations\AWQMS Stations,WatershedManagementUnit,0,254" #</Process></lineage></DataProperties><SyncDate>20250307</SyncDate><SyncTime>08102800</SyncTime><ModDate>20250307</ModDate><ModTime>08102800</ModTime></Esri><distInfo><distFormat><formatName Sync="TRUE">Shapefile</formatName></distFormat><distTranOps><transSize Sync="TRUE">0.000</transSize></distTranOps></distInfo><mdHrLv><ScopeCd value="005" Sync="TRUE"/></mdHrLv><mdHrLvName Sync="TRUE">dataset</mdHrLvName><refSysInfo><RefSystem><refSysID><identCode code="4326" Sync="TRUE"/><idCodeSpace Sync="TRUE">EPSG</idCodeSpace><idVersion Sync="TRUE">6.2(3.0.1)</idVersion></refSysID></RefSystem></refSysInfo><spatRepInfo><VectSpatRep><geometObjs Name="stations"><geoObjTyp><GeoObjTypCd value="004" Sync="TRUE"></GeoObjTypCd></geoObjTyp><geoObjCnt Sync="TRUE">0</geoObjCnt></geometObjs><topLvl><TopoLevCd value="001" Sync="TRUE"></TopoLevCd></topLvl></VectSpatRep></spatRepInfo><spdoinfo><ptvctinf><esriterm Name="stations"><efeatyp Sync="TRUE">Simple</efeatyp><efeageom code="1" Sync="TRUE"></efeageom><esritopo Sync="TRUE">FALSE</esritopo><efeacnt Sync="TRUE">0</efeacnt><spindex Sync="TRUE">FALSE</spindex><linrefer Sync="TRUE">FALSE</linrefer></esriterm></ptvctinf></spdoinfo><eainfo><detailed Name="stations"><enttyp><enttypl Sync="TRUE">stations</enttypl><enttypt Sync="TRUE">Feature Class</enttypt><enttypc Sync="TRUE">0</enttypc></enttyp><attr><attrlabl Sync="TRUE">FID</attrlabl><attalias Sync="TRUE">FID</attalias><attrtype Sync="TRUE">OID</attrtype><attwidth Sync="TRUE">4</attwidth><atprecis Sync="TRUE">0</atprecis><attscale Sync="TRUE">0</attscale><attrdef Sync="TRUE">Internal feature number.</attrdef><attrdefs Sync="TRUE">Esri</attrdefs><attrdomv><udom Sync="TRUE">Sequential unique whole numbers that are automatically generated.</udom></attrdomv></attr><attr><attrlabl Sync="TRUE">Shape</attrlabl><attalias Sync="TRUE">Shape</attalias><attrtype Sync="TRUE">Geometry</attrtype><attwidth Sync="TRUE">0</attwidth><atprecis Sync="TRUE">0</atprecis><attscale Sync="TRUE">0</attscale><attrdef Sync="TRUE">Feature geometry.</attrdef><attrdefs Sync="TRUE">Esri</attrdefs><attrdomv><udom Sync="TRUE">Coordinates defining the features.</udom></attrdomv></attr><attr><attrlabl Sync="TRUE">GmlID</attrlabl><attalias Sync="TRUE">GmlID</attalias><attrtype Sync="TRUE">String</attrtype><attwidth Sync="TRUE">254</attwidth><atprecis Sync="TRUE">0</atprecis><attscale Sync="TRUE">0</attscale></attr><attr><attrlabl Sync="TRUE">CountyName</attrlabl><attalias Sync="TRUE">CountyName</attalias><attrtype Sync="TRUE">String</attrtype><attwidth Sync="TRUE">254</attwidth><atprecis Sync="TRUE">0</atprecis><attscale Sync="TRUE">0</attscale></attr><attr><attrlabl Sync="TRUE">Huc8</attrlabl><attalias Sync="TRUE">Huc8</attalias><attrtype Sync="TRUE">String</attrtype><attwidth Sync="TRUE">254</attwidth><atprecis Sync="TRUE">0</atprecis><attscale Sync="TRUE">0</attscale></attr><attr><attrlabl Sync="TRUE">Huc12</attrlabl><attalias Sync="TRUE">Huc12</attalias><attrtype Sync="TRUE">String</attrtype><attwidth Sync="TRUE">254</attwidth><atprecis Sync="TRUE">0</atprecis><attscale Sync="TRUE">0</attscale></attr><attr><attrlabl Sync="TRUE">Monitoring</attrlabl><attalias Sync="TRUE">Monitoring</attalias><attrtype Sync="TRUE">String</attrtype><attwidth Sync="TRUE">254</attwidth><atprecis Sync="TRUE">0</atprecis><attscale Sync="TRUE">0</attscale></attr><attr><attrlabl Sync="TRUE">Monitori_1</attrlabl><attalias Sync="TRUE">Monitori_1</attalias><attrtype Sync="TRUE">String</attrtype><attwidth Sync="TRUE">254</attwidth><atprecis Sync="TRUE">0</atprecis><attscale Sync="TRUE">0</attscale></attr><attr><attrlabl Sync="TRUE">Organizati</attrlabl><attalias Sync="TRUE">Organizati</attalias><attrtype Sync="TRUE">String</attrtype><attwidth Sync="TRUE">254</attwidth><atprecis Sync="TRUE">0</atprecis><attscale Sync="TRUE">0</attscale></attr><attr><attrlabl Sync="TRUE">ResultsUrl</attrlabl><attalias Sync="TRUE">ResultsUrl</attalias><attrtype Sync="TRUE">String</attrtype><attwidth Sync="TRUE">254</attwidth><atprecis Sync="TRUE">0</atprecis><attscale Sync="TRUE">0</attscale></attr><attr><attrlabl Sync="TRUE">MetricsUrl</attrlabl><attalias Sync="TRUE">MetricsUrl</attalias><attrtype Sync="TRUE">String</attrtype><attwidth Sync="TRUE">254</attwidth><atprecis Sync="TRUE">0</atprecis><attscale Sync="TRUE">0</attscale></attr><attr><attrlabl Sync="TRUE">IndexesUrl</attrlabl><attalias Sync="TRUE">IndexesUrl</attalias><attrtype Sync="TRUE">String</attrtype><attwidth Sync="TRUE">254</attwidth><atprecis Sync="TRUE">0</atprecis><attscale Sync="TRUE">0</attscale></attr><attr><attrlabl Sync="TRUE">Continuous</attrlabl><attalias Sync="TRUE">Continuous</attalias><attrtype Sync="TRUE">String</attrtype><attwidth Sync="TRUE">254</attwidth><atprecis Sync="TRUE">0</atprecis><attscale Sync="TRUE">0</attscale></attr><attr><attrlabl Sync="TRUE">StateCode</attrlabl><attalias Sync="TRUE">StateCode</attalias><attrtype Sync="TRUE">String</attrtype><attwidth Sync="TRUE">254</attwidth><atprecis Sync="TRUE">0</atprecis><attscale Sync="TRUE">0</attscale></attr><attr><attrlabl Sync="TRUE">Monitori_2</attrlabl><attalias Sync="TRUE">Monitori_2</attalias><attrtype Sync="TRUE">String</attrtype><attwidth Sync="TRUE">254</attwidth><atprecis Sync="TRUE">0</atprecis><attscale Sync="TRUE">0</attscale></attr><attr><attrlabl Sync="TRUE">WaterbodyN</attrlabl><attalias Sync="TRUE">WaterbodyN</attalias><attrtype Sync="TRUE">String</attrtype><attwidth Sync="TRUE">254</attwidth><atprecis Sync="TRUE">0</atprecis><attscale Sync="TRUE">0</attscale></attr><attr><attrlabl Sync="TRUE">WatershedM</attrlabl><attalias Sync="TRUE">WatershedM</attalias><attrtype Sync="TRUE">String</attrtype><attwidth Sync="TRUE">254</attwidth><atprecis Sync="TRUE">0</atprecis><attscale Sync="TRUE">0</attscale></attr></detailed></eainfo><mdDateSt Sync="TRUE">20250307</mdDateSt></metadata>
